slug,field,status,source,confidence
aia-essence-on-your-side,official_product_url,lookup_skipped,not_attempted,none
aia-essence-on-your-side,official_pdf_url,lookup_skipped,not_attempted,none
aia-essence-on-your-side,product_status,lookup_skipped,not_attempted,none
aia-essence-on-your-side,minimum_premium,lookup_skipped,not_attempted,none
aia-essence-on-your-side,minimum_sum_assured,lookup_skipped,not_attempted,none
aia-essence-on-your-side,covered_illness_total,lookup_skipped,not_attempted,none
aia-essence-on-your-side,major_illness_count,lookup_skipped,not_attempted,none
aia-essence-on-your-side,early_stage_illness_count,lookup_skipped,not_attempted,none
aia-essence-on-your-side,moderate_illness_count,lookup_skipped,not_attempted,none
aia-essence-on-your-side,child_illness_count,lookup_skipped,not_attempted,none
aia-essence-on-your-side,highest_illustrated_irr,lookup_skipped,not_attempted,none
aia-essence-on-your-side,guaranteed_irr,lookup_skipped,not_attempted,none
aia-essence-on-your-side,highest_illustrated_return_multiple,lookup_skipped,not_attempted,none
aia-globalflexi-savings,official_product_url,lookup_skipped,not_attempted,none
aia-globalflexi-savings,official_pdf_url,lookup_skipped,not_attempted,none
aia-globalflexi-savings,product_status,lookup_skipped,not_attempted,none
aia-globalflexi-savings,minimum_premium,lookup_skipped,not_attempted,none
aia-globalflexi-savings,minimum_sum_assured,lookup_skipped,not_attempted,none
aia-globalflexi-savings,covered_illness_total,lookup_skipped,not_attempted,none
aia-globalflexi-savings,major_illness_count,lookup_skipped,not_attempted,none
aia-globalflexi-savings,early_stage_illness_count,lookup_skipped,not_attempted,none
aia-globalflexi-savings,moderate_illness_count,lookup_skipped,not_attempted,none
aia-globalflexi-savings,child_illness_count,lookup_skipped,not_attempted,none
aia-globalflexi-savings,highest_illustrated_irr,lookup_skipped,not_attempted,none
aia-globalflexi-savings,guaranteed_irr,lookup_skipped,not_attempted,none
aia-globalflexi-savings,highest_illustrated_return_multiple,lookup_skipped,not_attempted,none
aia-on-your-side-2,official_product_url,lookup_skipped,not_attempted,none
aia-on-your-side-2,official_pdf_url,lookup_skipped,not_attempted,none
aia-on-your-side-2,product_status,lookup_skipped,not_attempted,none
aia-on-your-side-2,minimum_premium,lookup_skipped,not_attempted,none
aia-on-your-side-2,minimum_sum_assured,lookup_skipped,not_attempted,none
aia-on-your-side-2,covered_illness_total,lookup_skipped,not_attempted,none
aia-on-your-side-2,major_illness_count,lookup_skipped,not_attempted,none
aia-on-your-side-2,early_stage_illness_count,lookup_skipped,not_attempted,none
aia-on-your-side-2,moderate_illness_count,lookup_skipped,not_attempted,none
aia-on-your-side-2,child_illness_count,lookup_skipped,not_attempted,none
aia-on-your-side-2,highest_illustrated_irr,lookup_skipped,not_attempted,none
aia-on-your-side-2,guaranteed_irr,lookup_skipped,not_attempted,none
aia-on-your-side-2,highest_illustrated_return_multiple,lookup_skipped,not_attempted,none
axa-loving-care-ci-enhanced,official_product_url,lookup_skipped,not_attempted,none
axa-loving-care-ci-enhanced,official_pdf_url,lookup_skipped,not_attempted,none
axa-loving-care-ci-enhanced,product_status,lookup_skipped,not_attempted,none
axa-loving-care-ci-enhanced,minimum_premium,lookup_skipped,not_attempted,none
axa-loving-care-ci-enhanced,minimum_sum_assured,lookup_skipped,not_attempted,none
axa-loving-care-ci-enhanced,covered_illness_total,lookup_skipped,not_attempted,none
axa-loving-care-ci-enhanced,major_illness_count,lookup_skipped,not_attempted,none
axa-loving-care-ci-enhanced,early_stage_illness_count,lookup_skipped,not_attempted,none
axa-loving-care-ci-enhanced,moderate_illness_count,lookup_skipped,not_attempted,none
axa-loving-care-ci-enhanced,child_illness_count,lookup_skipped,not_attempted,none
axa-loving-care-ci-enhanced,highest_illustrated_irr,lookup_skipped,not_attempted,none
axa-loving-care-ci-enhanced,guaranteed_irr,lookup_skipped,not_attempted,none
axa-loving-care-ci-enhanced,highest_illustrated_return_multiple,lookup_skipped,not_attempted,none
axa-wealth-advance-savings-ii-ultimate,official_product_url,lookup_skipped,not_attempted,none
axa-wealth-advance-savings-ii-ultimate,official_pdf_url,lookup_skipped,not_attempted,none
axa-wealth-advance-savings-ii-ultimate,product_status,lookup_skipped,not_attempted,none
axa-wealth-advance-savings-ii-ultimate,minimum_premium,lookup_skipped,not_attempted,none
axa-wealth-advance-savings-ii-ultimate,minimum_sum_assured,lookup_skipped,not_attempted,none
axa-wealth-advance-savings-ii-ultimate,covered_illness_total,lookup_skipped,not_attempted,none
axa-wealth-advance-savings-ii-ultimate,major_illness_count,lookup_skipped,not_attempted,none
axa-wealth-advance-savings-ii-ultimate,early_stage_illness_count,lookup_skipped,not_attempted,none
axa-wealth-advance-savings-ii-ultimate,moderate_illness_count,lookup_skipped,not_attempted,none
axa-wealth-advance-savings-ii-ultimate,child_illness_count,lookup_skipped,not_attempted,none
axa-wealth-advance-savings-ii-ultimate,highest_illustrated_irr,lookup_skipped,not_attempted,none
axa-wealth-advance-savings-ii-ultimate,guaranteed_irr,lookup_skipped,not_attempted,none
axa-wealth-advance-savings-ii-ultimate,highest_illustrated_return_multiple,lookup_skipped,not_attempted,none
cpic-evergreen-whole-life,official_product_url,lookup_skipped,not_attempted,none
cpic-evergreen-whole-life,official_pdf_url,lookup_skipped,not_attempted,none
cpic-evergreen-whole-life,product_status,lookup_skipped,not_attempted,none
cpic-evergreen-whole-life,minimum_premium,lookup_skipped,not_attempted,none
cpic-evergreen-whole-life,minimum_sum_assured,lookup_skipped,not_attempted,none
cpic-evergreen-whole-life,covered_illness_total,lookup_skipped,not_attempted,none
cpic-evergreen-whole-life,major_illness_count,lookup_skipped,not_attempted,none
cpic-evergreen-whole-life,early_stage_illness_count,lookup_skipped,not_attempted,none
cpic-evergreen-whole-life,moderate_illness_count,lookup_skipped,not_attempted,none
cpic-evergreen-whole-life,child_illness_count,lookup_skipped,not_attempted,none
cpic-evergreen-whole-life,highest_illustrated_irr,lookup_skipped,not_attempted,none
cpic-evergreen-whole-life,guaranteed_irr,lookup_skipped,not_attempted,none
cpic-evergreen-whole-life,highest_illustrated_return_multiple,lookup_skipped,not_attempted,none
cpic-jinshengwuyou-2024-kids,official_product_url,lookup_skipped,not_attempted,none
cpic-jinshengwuyou-2024-kids,official_pdf_url,lookup_skipped,not_attempted,none
cpic-jinshengwuyou-2024-kids,product_status,lookup_skipped,not_attempted,none
cpic-jinshengwuyou-2024-kids,minimum_premium,lookup_skipped,not_attempted,none
cpic-jinshengwuyou-2024-kids,minimum_sum_assured,lookup_skipped,not_attempted,none
cpic-jinshengwuyou-2024-kids,covered_illness_total,lookup_skipped,not_attempted,none
cpic-jinshengwuyou-2024-kids,major_illness_count,lookup_skipped,not_attempted,none
cpic-jinshengwuyou-2024-kids,early_stage_illness_count,lookup_skipped,not_attempted,none
cpic-jinshengwuyou-2024-kids,moderate_illness_count,lookup_skipped,not_attempted,none
cpic-jinshengwuyou-2024-kids,child_illness_count,lookup_skipped,not_attempted,none
cpic-jinshengwuyou-2024-kids,highest_illustrated_irr,lookup_skipped,not_attempted,none
cpic-jinshengwuyou-2024-kids,guaranteed_irr,lookup_skipped,not_attempted,none
cpic-jinshengwuyou-2024-kids,highest_illustrated_return_multiple,lookup_skipped,not_attempted,none
cpic-jinshengwuyou-kids,official_product_url,lookup_skipped,not_attempted,none
cpic-jinshengwuyou-kids,official_pdf_url,lookup_skipped,not_attempted,none
cpic-jinshengwuyou-kids,product_status,lookup_skipped,not_attempted,none
cpic-jinshengwuyou-kids,minimum_premium,lookup_skipped,not_attempted,none
cpic-jinshengwuyou-kids,minimum_sum_assured,lookup_skipped,not_attempted,none
cpic-jinshengwuyou-kids,covered_illness_total,lookup_skipped,not_attempted,none
cpic-jinshengwuyou-kids,major_illness_count,lookup_skipped,not_attempted,none
cpic-jinshengwuyou-kids,early_stage_illness_count,lookup_skipped,not_attempted,none
cpic-jinshengwuyou-kids,moderate_illness_count,lookup_skipped,not_attempted,none
cpic-jinshengwuyou-kids,child_illness_count,lookup_skipped,not_attempted,none
cpic-jinshengwuyou-kids,highest_illustrated_irr,lookup_skipped,not_attempted,none
cpic-jinshengwuyou-kids,guaranteed_irr,lookup_skipped,not_attempted,none
cpic-jinshengwuyou-kids,highest_illustrated_return_multiple,lookup_skipped,not_attempted,none
cpic-wenyingjinsheng-ci,official_product_url,lookup_skipped,not_attempted,none
cpic-wenyingjinsheng-ci,official_pdf_url,lookup_skipped,not_attempted,none
cpic-wenyingjinsheng-ci,product_status,lookup_skipped,not_attempted,none
cpic-wenyingjinsheng-ci,minimum_premium,lookup_skipped,not_attempted,none
cpic-wenyingjinsheng-ci,minimum_sum_assured,lookup_skipped,not_attempted,none
cpic-wenyingjinsheng-ci,covered_illness_total,lookup_skipped,not_attempted,none
cpic-wenyingjinsheng-ci,major_illness_count,lookup_skipped,not_attempted,none
cpic-wenyingjinsheng-ci,early_stage_illness_count,lookup_skipped,not_attempted,none
cpic-wenyingjinsheng-ci,moderate_illness_count,lookup_skipped,not_attempted,none
cpic-wenyingjinsheng-ci,child_illness_count,lookup_skipped,not_attempted,none
cpic-wenyingjinsheng-ci,highest_illustrated_irr,lookup_skipped,not_attempted,none
cpic-wenyingjinsheng-ci,guaranteed_irr,lookup_skipped,not_attempted,none
cpic-wenyingjinsheng-ci,highest_illustrated_return_multiple,lookup_skipped,not_attempted,none
cpic-xiangbanzhizun-2024s,official_product_url,lookup_skipped,not_attempted,none
cpic-xiangbanzhizun-2024s,official_pdf_url,lookup_skipped,not_attempted,none
cpic-xiangbanzhizun-2024s,product_status,lookup_skipped,not_attempted,none
cpic-xiangbanzhizun-2024s,minimum_premium,lookup_skipped,not_attempted,none
cpic-xiangbanzhizun-2024s,minimum_sum_assured,lookup_skipped,not_attempted,none
cpic-xiangbanzhizun-2024s,covered_illness_total,lookup_skipped,not_attempted,none
cpic-xiangbanzhizun-2024s,major_illness_count,lookup_skipped,not_attempted,none
cpic-xiangbanzhizun-2024s,early_stage_illness_count,lookup_skipped,not_attempted,none
cpic-xiangbanzhizun-2024s,moderate_illness_count,lookup_skipped,not_attempted,none
cpic-xiangbanzhizun-2024s,child_illness_count,lookup_skipped,not_attempted,none
cpic-xiangbanzhizun-2024s,highest_illustrated_irr,lookup_skipped,not_attempted,none
cpic-xiangbanzhizun-2024s,guaranteed_irr,lookup_skipped,not_attempted,none
cpic-xiangbanzhizun-2024s,highest_illustrated_return_multiple,lookup_skipped,not_attempted,none
fwd-crisis-one-master,official_product_url,lookup_skipped,not_attempted,none
fwd-crisis-one-master,official_pdf_url,lookup_skipped,not_attempted,none
fwd-crisis-one-master,product_status,lookup_skipped,not_attempted,none
fwd-crisis-one-master,minimum_premium,lookup_skipped,not_attempted,none
fwd-crisis-one-master,minimum_sum_assured,lookup_skipped,not_attempted,none
fwd-crisis-one-master,covered_illness_total,lookup_skipped,not_attempted,none
fwd-crisis-one-master,major_illness_count,lookup_skipped,not_attempted,none
fwd-crisis-one-master,early_stage_illness_count,lookup_skipped,not_attempted,none
fwd-crisis-one-master,moderate_illness_count,lookup_skipped,not_attempted,none
fwd-crisis-one-master,child_illness_count,lookup_skipped,not_attempted,none
fwd-crisis-one-master,highest_illustrated_irr,lookup_skipped,not_attempted,none
fwd-crisis-one-master,guaranteed_irr,lookup_skipped,not_attempted,none
fwd-crisis-one-master,highest_illustrated_return_multiple,lookup_skipped,not_attempted,none
fwd-crisis-u-supporter,official_product_url,lookup_skipped,not_attempted,none
fwd-crisis-u-supporter,official_pdf_url,lookup_skipped,not_attempted,none
fwd-crisis-u-supporter,product_status,lookup_skipped,not_attempted,none
fwd-crisis-u-supporter,minimum_premium,lookup_skipped,not_attempted,none
fwd-crisis-u-supporter,minimum_sum_assured,lookup_skipped,not_attempted,none
fwd-crisis-u-supporter,covered_illness_total,lookup_skipped,not_attempted,none
fwd-crisis-u-supporter,major_illness_count,lookup_skipped,not_attempted,none
fwd-crisis-u-supporter,early_stage_illness_count,lookup_skipped,not_attempted,none
fwd-crisis-u-supporter,moderate_illness_count,lookup_skipped,not_attempted,none
fwd-crisis-u-supporter,child_illness_count,lookup_skipped,not_attempted,none
fwd-crisis-u-supporter,highest_illustrated_irr,lookup_skipped,not_attempted,none
fwd-crisis-u-supporter,guaranteed_irr,lookup_skipped,not_attempted,none
fwd-crisis-u-supporter,highest_illustrated_return_multiple,lookup_skipped,not_attempted,none
fwd-easycover-ci,official_product_url,lookup_skipped,not_attempted,none
fwd-easycover-ci,official_pdf_url,lookup_skipped,not_attempted,none
fwd-easycover-ci,product_status,lookup_skipped,not_attempted,none
fwd-easycover-ci,minimum_premium,lookup_skipped,not_attempted,none
fwd-easycover-ci,minimum_sum_assured,lookup_skipped,not_attempted,none
fwd-easycover-ci,covered_illness_total,lookup_skipped,not_attempted,none
fwd-easycover-ci,major_illness_count,lookup_skipped,not_attempted,none
fwd-easycover-ci,early_stage_illness_count,lookup_skipped,not_attempted,none
fwd-easycover-ci,moderate_illness_count,lookup_skipped,not_attempted,none
fwd-easycover-ci,child_illness_count,lookup_skipped,not_attempted,none
fwd-easycover-ci,highest_illustrated_irr,lookup_skipped,not_attempted,none
fwd-easycover-ci,guaranteed_irr,lookup_skipped,not_attempted,none
fwd-easycover-ci,highest_illustrated_return_multiple,lookup_skipped,not_attempted,none
fwd-maxfocus-legacy-ii,official_product_url,lookup_skipped,not_attempted,none
fwd-maxfocus-legacy-ii,official_pdf_url,lookup_skipped,not_attempted,none
fwd-maxfocus-legacy-ii,product_status,lookup_skipped,not_attempted,none
fwd-maxfocus-legacy-ii,minimum_premium,lookup_skipped,not_attempted,none
fwd-maxfocus-legacy-ii,minimum_sum_assured,lookup_skipped,not_attempted,none
fwd-maxfocus-legacy-ii,covered_illness_total,lookup_skipped,not_attempted,none
fwd-maxfocus-legacy-ii,major_illness_count,lookup_skipped,not_attempted,none
fwd-maxfocus-legacy-ii,early_stage_illness_count,lookup_skipped,not_attempted,none
fwd-maxfocus-legacy-ii,moderate_illness_count,lookup_skipped,not_attempted,none
fwd-maxfocus-legacy-ii,child_illness_count,lookup_skipped,not_attempted,none
fwd-maxfocus-legacy-ii,highest_illustrated_irr,lookup_skipped,not_attempted,none
fwd-maxfocus-legacy-ii,guaranteed_irr,lookup_skipped,not_attempted,none
fwd-maxfocus-legacy-ii,highest_illustrated_return_multiple,lookup_skipped,not_attempted,none
fwd-noble-fortune,official_product_url,lookup_skipped,not_attempted,none
fwd-noble-fortune,official_pdf_url,lookup_skipped,not_attempted,none
fwd-noble-fortune,product_status,lookup_skipped,not_attempted,none
fwd-noble-fortune,minimum_premium,lookup_skipped,not_attempted,none
fwd-noble-fortune,minimum_sum_assured,lookup_skipped,not_attempted,none
fwd-noble-fortune,covered_illness_total,lookup_skipped,not_attempted,none
fwd-noble-fortune,major_illness_count,lookup_skipped,not_attempted,none
fwd-noble-fortune,early_stage_illness_count,lookup_skipped,not_attempted,none
fwd-noble-fortune,moderate_illness_count,lookup_skipped,not_attempted,none
fwd-noble-fortune,child_illness_count,lookup_skipped,not_attempted,none
fwd-noble-fortune,highest_illustrated_irr,lookup_skipped,not_attempted,none
fwd-noble-fortune,guaranteed_irr,lookup_skipped,not_attempted,none
fwd-noble-fortune,highest_illustrated_return_multiple,lookup_skipped,not_attempted,none
fwd-wealthicon-horizon,official_product_url,lookup_skipped,not_attempted,none
fwd-wealthicon-horizon,official_pdf_url,lookup_skipped,not_attempted,none
fwd-wealthicon-horizon,product_status,lookup_skipped,not_attempted,none
fwd-wealthicon-horizon,minimum_premium,lookup_skipped,not_attempted,none
fwd-wealthicon-horizon,minimum_sum_assured,lookup_skipped,not_attempted,none
fwd-wealthicon-horizon,covered_illness_total,lookup_skipped,not_attempted,none
fwd-wealthicon-horizon,major_illness_count,lookup_skipped,not_attempted,none
fwd-wealthicon-horizon,early_stage_illness_count,lookup_skipped,not_attempted,none
fwd-wealthicon-horizon,moderate_illness_count,lookup_skipped,not_attempted,none
fwd-wealthicon-horizon,child_illness_count,lookup_skipped,not_attempted,none
fwd-wealthicon-horizon,highest_illustrated_irr,lookup_skipped,not_attempted,none
fwd-wealthicon-horizon,guaranteed_irr,lookup_skipped,not_attempted,none
fwd-wealthicon-horizon,highest_illustrated_return_multiple,lookup_skipped,not_attempted,none
fwd-wealthicon-supreme-iii,official_product_url,lookup_skipped,not_attempted,none
fwd-wealthicon-supreme-iii,official_pdf_url,lookup_skipped,not_attempted,none
fwd-wealthicon-supreme-iii,product_status,lookup_skipped,not_attempted,none
fwd-wealthicon-supreme-iii,minimum_premium,lookup_skipped,not_attempted,none
fwd-wealthicon-supreme-iii,minimum_sum_assured,lookup_skipped,not_attempted,none
fwd-wealthicon-supreme-iii,covered_illness_total,lookup_skipped,not_attempted,none
fwd-wealthicon-supreme-iii,major_illness_count,lookup_skipped,not_attempted,none
fwd-wealthicon-supreme-iii,early_stage_illness_count,lookup_skipped,not_attempted,none
fwd-wealthicon-supreme-iii,moderate_illness_count,lookup_skipped,not_attempted,none
fwd-wealthicon-supreme-iii,child_illness_count,lookup_skipped,not_attempted,none
fwd-wealthicon-supreme-iii,highest_illustrated_irr,lookup_skipped,not_attempted,none
fwd-wealthicon-supreme-iii,guaranteed_irr,lookup_skipped,not_attempted,none
fwd-wealthicon-supreme-iii,highest_illustrated_return_multiple,lookup_skipped,not_attempted,none
new-china-life-rongyao-shijia,official_product_url,lookup_skipped,not_attempted,none
new-china-life-rongyao-shijia,official_pdf_url,lookup_skipped,not_attempted,none
new-china-life-rongyao-shijia,product_status,lookup_skipped,not_attempted,none
new-china-life-rongyao-shijia,minimum_premium,lookup_skipped,not_attempted,none
new-china-life-rongyao-shijia,minimum_sum_assured,lookup_skipped,not_attempted,none
new-china-life-rongyao-shijia,covered_illness_total,lookup_skipped,not_attempted,none
new-china-life-rongyao-shijia,major_illness_count,lookup_skipped,not_attempted,none
new-china-life-rongyao-shijia,early_stage_illness_count,lookup_skipped,not_attempted,none
new-china-life-rongyao-shijia,moderate_illness_count,lookup_skipped,not_attempted,none
new-china-life-rongyao-shijia,child_illness_count,lookup_skipped,not_attempted,none
new-china-life-rongyao-shijia,highest_illustrated_irr,lookup_skipped,not_attempted,none
new-china-life-rongyao-shijia,guaranteed_irr,lookup_skipped,not_attempted,none
new-china-life-rongyao-shijia,highest_illustrated_return_multiple,lookup_skipped,not_attempted,none
new-china-life-rongyao-xinxiang,official_product_url,lookup_skipped,not_attempted,none
new-china-life-rongyao-xinxiang,official_pdf_url,lookup_skipped,not_attempted,none
new-china-life-rongyao-xinxiang,product_status,lookup_skipped,not_attempted,none
new-china-life-rongyao-xinxiang,minimum_premium,lookup_skipped,not_attempted,none
new-china-life-rongyao-xinxiang,minimum_sum_assured,lookup_skipped,not_attempted,none
new-china-life-rongyao-xinxiang,covered_illness_total,lookup_skipped,not_attempted,none
new-china-life-rongyao-xinxiang,major_illness_count,lookup_skipped,not_attempted,none
new-china-life-rongyao-xinxiang,early_stage_illness_count,lookup_skipped,not_attempted,none
new-china-life-rongyao-xinxiang,moderate_illness_count,lookup_skipped,not_attempted,none
new-china-life-rongyao-xinxiang,child_illness_count,lookup_skipped,not_attempted,none
new-china-life-rongyao-xinxiang,highest_illustrated_irr,lookup_skipped,not_attempted,none
new-china-life-rongyao-xinxiang,guaranteed_irr,lookup_skipped,not_attempted,none
new-china-life-rongyao-xinxiang,highest_illustrated_return_multiple,lookup_skipped,not_attempted,none
ping-an-shengshi-jinyue-premium,official_product_url,lookup_skipped,not_attempted,none
ping-an-shengshi-jinyue-premium,official_pdf_url,lookup_skipped,not_attempted,none
ping-an-shengshi-jinyue-premium,product_status,lookup_skipped,not_attempted,none
ping-an-shengshi-jinyue-premium,minimum_premium,lookup_skipped,not_attempted,none
ping-an-shengshi-jinyue-premium,minimum_sum_assured,lookup_skipped,not_attempted,none
ping-an-shengshi-jinyue-premium,covered_illness_total,lookup_skipped,not_attempted,none
ping-an-shengshi-jinyue-premium,major_illness_count,lookup_skipped,not_attempted,none
ping-an-shengshi-jinyue-premium,early_stage_illness_count,lookup_skipped,not_attempted,none
ping-an-shengshi-jinyue-premium,moderate_illness_count,lookup_skipped,not_attempted,none
ping-an-shengshi-jinyue-premium,child_illness_count,lookup_skipped,not_attempted,none
ping-an-shengshi-jinyue-premium,highest_illustrated_irr,lookup_skipped,not_attempted,none
ping-an-shengshi-jinyue-premium,guaranteed_irr,lookup_skipped,not_attempted,none
ping-an-shengshi-jinyue-premium,highest_illustrated_return_multiple,lookup_skipped,not_attempted,none
pingan-fuli-20-ci,official_product_url,lookup_skipped,not_attempted,none
pingan-fuli-20-ci,official_pdf_url,lookup_skipped,not_attempted,none
pingan-fuli-20-ci,product_status,lookup_skipped,not_attempted,none
pingan-fuli-20-ci,minimum_premium,lookup_skipped,not_attempted,none
pingan-fuli-20-ci,minimum_sum_assured,lookup_skipped,not_attempted,none
pingan-fuli-20-ci,covered_illness_total,lookup_skipped,not_attempted,none
pingan-fuli-20-ci,major_illness_count,lookup_skipped,not_attempted,none
pingan-fuli-20-ci,early_stage_illness_count,lookup_skipped,not_attempted,none
pingan-fuli-20-ci,moderate_illness_count,lookup_skipped,not_attempted,none
pingan-fuli-20-ci,child_illness_count,lookup_skipped,not_attempted,none
pingan-fuli-20-ci,highest_illustrated_irr,lookup_skipped,not_attempted,none
pingan-fuli-20-ci,guaranteed_irr,lookup_skipped,not_attempted,none
pingan-fuli-20-ci,highest_illustrated_return_multiple,lookup_skipped,not_attempted,none
pingan-ruyi-quanneng-2025-ci,official_product_url,lookup_skipped,not_attempted,none
pingan-ruyi-quanneng-2025-ci,official_pdf_url,lookup_skipped,not_attempted,none
pingan-ruyi-quanneng-2025-ci,product_status,lookup_skipped,not_attempted,none
pingan-ruyi-quanneng-2025-ci,minimum_premium,lookup_skipped,not_attempted,none
pingan-ruyi-quanneng-2025-ci,minimum_sum_assured,lookup_skipped,not_attempted,none
pingan-ruyi-quanneng-2025-ci,covered_illness_total,lookup_skipped,not_attempted,none
pingan-ruyi-quanneng-2025-ci,major_illness_count,lookup_skipped,not_attempted,none
pingan-ruyi-quanneng-2025-ci,early_stage_illness_count,lookup_skipped,not_attempted,none
pingan-ruyi-quanneng-2025-ci,moderate_illness_count,lookup_skipped,not_attempted,none
pingan-ruyi-quanneng-2025-ci,child_illness_count,lookup_skipped,not_attempted,none
pingan-ruyi-quanneng-2025-ci,highest_illustrated_irr,lookup_skipped,not_attempted,none
pingan-ruyi-quanneng-2025-ci,guaranteed_irr,lookup_skipped,not_attempted,none
pingan-ruyi-quanneng-2025-ci,highest_illustrated_return_multiple,lookup_skipped,not_attempted,none
pingan-ruyi-quanneng-ci,official_product_url,lookup_skipped,not_attempted,none
pingan-ruyi-quanneng-ci,official_pdf_url,lookup_skipped,not_attempted,none
pingan-ruyi-quanneng-ci,product_status,lookup_skipped,not_attempted,none
pingan-ruyi-quanneng-ci,minimum_premium,lookup_skipped,not_attempted,none
pingan-ruyi-quanneng-ci,minimum_sum_assured,lookup_skipped,not_attempted,none
pingan-ruyi-quanneng-ci,covered_illness_total,lookup_skipped,not_attempted,none
pingan-ruyi-quanneng-ci,major_illness_count,lookup_skipped,not_attempted,none
pingan-ruyi-quanneng-ci,early_stage_illness_count,lookup_skipped,not_attempted,none
pingan-ruyi-quanneng-ci,moderate_illness_count,lookup_skipped,not_attempted,none
pingan-ruyi-quanneng-ci,child_illness_count,lookup_skipped,not_attempted,none
pingan-ruyi-quanneng-ci,highest_illustrated_irr,lookup_skipped,not_attempted,none
pingan-ruyi-quanneng-ci,guaranteed_irr,lookup_skipped,not_attempted,none
pingan-ruyi-quanneng-ci,highest_illustrated_return_multiple,lookup_skipped,not_attempted,none
pingan-shengshi-jinyue-zunxiang-26II,official_product_url,lookup_skipped,not_attempted,none
pingan-shengshi-jinyue-zunxiang-26II,official_pdf_url,lookup_skipped,not_attempted,none
pingan-shengshi-jinyue-zunxiang-26II,product_status,lookup_skipped,not_attempted,none
pingan-shengshi-jinyue-zunxiang-26II,minimum_premium,lookup_skipped,not_attempted,none
pingan-shengshi-jinyue-zunxiang-26II,minimum_sum_assured,lookup_skipped,not_attempted,none
pingan-shengshi-jinyue-zunxiang-26II,covered_illness_total,lookup_skipped,not_attempted,none
pingan-shengshi-jinyue-zunxiang-26II,major_illness_count,lookup_skipped,not_attempted,none
pingan-shengshi-jinyue-zunxiang-26II,early_stage_illness_count,lookup_skipped,not_attempted,none
pingan-shengshi-jinyue-zunxiang-26II,moderate_illness_count,lookup_skipped,not_attempted,none
pingan-shengshi-jinyue-zunxiang-26II,child_illness_count,lookup_skipped,not_attempted,none
pingan-shengshi-jinyue-zunxiang-26II,highest_illustrated_irr,lookup_skipped,not_attempted,none
pingan-shengshi-jinyue-zunxiang-26II,guaranteed_irr,lookup_skipped,not_attempted,none
pingan-shengshi-jinyue-zunxiang-26II,highest_illustrated_return_multiple,lookup_skipped,not_attempted,none
pingan-yuxiang-jinyue-2025,official_product_url,lookup_skipped,not_attempted,none
pingan-yuxiang-jinyue-2025,official_pdf_url,lookup_skipped,not_attempted,none
pingan-yuxiang-jinyue-2025,product_status,lookup_skipped,not_attempted,none
pingan-yuxiang-jinyue-2025,minimum_premium,lookup_skipped,not_attempted,none
pingan-yuxiang-jinyue-2025,minimum_sum_assured,lookup_skipped,not_attempted,none
pingan-yuxiang-jinyue-2025,covered_illness_total,lookup_skipped,not_attempted,none
pingan-yuxiang-jinyue-2025,major_illness_count,lookup_skipped,not_attempted,none
pingan-yuxiang-jinyue-2025,early_stage_illness_count,lookup_skipped,not_attempted,none
pingan-yuxiang-jinyue-2025,moderate_illness_count,lookup_skipped,not_attempted,none
pingan-yuxiang-jinyue-2025,child_illness_count,lookup_skipped,not_attempted,none
pingan-yuxiang-jinyue-2025,highest_illustrated_irr,lookup_skipped,not_attempted,none
pingan-yuxiang-jinyue-2025,guaranteed_irr,lookup_skipped,not_attempted,none
pingan-yuxiang-jinyue-2025,highest_illustrated_return_multiple,lookup_skipped,not_attempted,none
pru-ci-extended-care-iii,official_product_url,lookup_skipped,not_attempted,none
pru-ci-extended-care-iii,official_pdf_url,lookup_skipped,not_attempted,none
pru-ci-extended-care-iii,product_status,lookup_skipped,not_attempted,none
pru-ci-extended-care-iii,minimum_premium,lookup_skipped,not_attempted,none
pru-ci-extended-care-iii,minimum_sum_assured,lookup_skipped,not_attempted,none
pru-ci-extended-care-iii,covered_illness_total,lookup_skipped,not_attempted,none
pru-ci-extended-care-iii,major_illness_count,lookup_skipped,not_attempted,none
pru-ci-extended-care-iii,early_stage_illness_count,lookup_skipped,not_attempted,none
pru-ci-extended-care-iii,moderate_illness_count,lookup_skipped,not_attempted,none
pru-ci-extended-care-iii,child_illness_count,lookup_skipped,not_attempted,none
pru-ci-extended-care-iii,highest_illustrated_irr,lookup_skipped,not_attempted,none
pru-ci-extended-care-iii,guaranteed_irr,lookup_skipped,not_attempted,none
pru-ci-extended-care-iii,highest_illustrated_return_multiple,lookup_skipped,not_attempted,none
pru-entrust-multi-currency,official_product_url,lookup_skipped,not_attempted,none
pru-entrust-multi-currency,official_pdf_url,lookup_skipped,not_attempted,none
pru-entrust-multi-currency,product_status,lookup_skipped,not_attempted,none
pru-entrust-multi-currency,minimum_premium,lookup_skipped,not_attempted,none
pru-entrust-multi-currency,minimum_sum_assured,lookup_skipped,not_attempted,none
pru-entrust-multi-currency,covered_illness_total,lookup_skipped,not_attempted,none
pru-entrust-multi-currency,major_illness_count,lookup_skipped,not_attempted,none
pru-entrust-multi-currency,early_stage_illness_count,lookup_skipped,not_attempted,none
pru-entrust-multi-currency,moderate_illness_count,lookup_skipped,not_attempted,none
pru-entrust-multi-currency,child_illness_count,lookup_skipped,not_attempted,none
pru-entrust-multi-currency,highest_illustrated_irr,lookup_skipped,not_attempted,none
pru-entrust-multi-currency,guaranteed_irr,lookup_skipped,not_attempted,none
pru-entrust-multi-currency,highest_illustrated_return_multiple,lookup_skipped,not_attempted,none
pru-guardian-ci-series,official_product_url,lookup_skipped,not_attempted,none
pru-guardian-ci-series,official_pdf_url,lookup_skipped,not_attempted,none
pru-guardian-ci-series,product_status,lookup_skipped,not_attempted,none
pru-guardian-ci-series,minimum_premium,lookup_skipped,not_attempted,none
pru-guardian-ci-series,minimum_sum_assured,lookup_skipped,not_attempted,none
pru-guardian-ci-series,covered_illness_total,lookup_skipped,not_attempted,none
pru-guardian-ci-series,major_illness_count,lookup_skipped,not_attempted,none
pru-guardian-ci-series,early_stage_illness_count,lookup_skipped,not_attempted,none
pru-guardian-ci-series,moderate_illness_count,lookup_skipped,not_attempted,none
pru-guardian-ci-series,child_illness_count,lookup_skipped,not_attempted,none
pru-guardian-ci-series,highest_illustrated_irr,lookup_skipped,not_attempted,none
pru-guardian-ci-series,guaranteed_irr,lookup_skipped,not_attempted,none
pru-guardian-ci-series,highest_illustrated_return_multiple,lookup_skipped,not_attempted,none
prudential-enlit-savings,official_product_url,lookup_skipped,not_attempted,none
prudential-enlit-savings,official_pdf_url,lookup_skipped,not_attempted,none
prudential-enlit-savings,product_status,lookup_skipped,not_attempted,none
prudential-enlit-savings,minimum_premium,lookup_skipped,not_attempted,none
prudential-enlit-savings,minimum_sum_assured,lookup_skipped,not_attempted,none
prudential-enlit-savings,covered_illness_total,lookup_skipped,not_attempted,none
prudential-enlit-savings,major_illness_count,lookup_skipped,not_attempted,none
prudential-enlit-savings,early_stage_illness_count,lookup_skipped,not_attempted,none
prudential-enlit-savings,moderate_illness_count,lookup_skipped,not_attempted,none
prudential-enlit-savings,child_illness_count,lookup_skipped,not_attempted,none
prudential-enlit-savings,highest_illustrated_irr,lookup_skipped,not_attempted,none
prudential-enlit-savings,guaranteed_irr,lookup_skipped,not_attempted,none
prudential-enlit-savings,highest_illustrated_return_multiple,lookup_skipped,not_attempted,none
prudential-evergreen-growth,official_product_url,lookup_skipped,not_attempted,none
prudential-evergreen-growth,official_pdf_url,lookup_skipped,not_attempted,none
prudential-evergreen-growth,product_status,lookup_skipped,not_attempted,none
prudential-evergreen-growth,minimum_premium,lookup_skipped,not_attempted,none
prudential-evergreen-growth,minimum_sum_assured,lookup_skipped,not_attempted,none
prudential-evergreen-growth,covered_illness_total,lookup_skipped,not_attempted,none
prudential-evergreen-growth,major_illness_count,lookup_skipped,not_attempted,none
prudential-evergreen-growth,early_stage_illness_count,lookup_skipped,not_attempted,none
prudential-evergreen-growth,moderate_illness_count,lookup_skipped,not_attempted,none
prudential-evergreen-growth,child_illness_count,lookup_skipped,not_attempted,none
prudential-evergreen-growth,highest_illustrated_irr,lookup_skipped,not_attempted,none
prudential-evergreen-growth,guaranteed_irr,lookup_skipped,not_attempted,none
prudential-evergreen-growth,highest_illustrated_return_multiple,lookup_skipped,not_attempted,none
prudential-prime-ace,official_product_url,lookup_skipped,not_attempted,none
prudential-prime-ace,official_pdf_url,lookup_skipped,not_attempted,none
prudential-prime-ace,product_status,lookup_skipped,not_attempted,none
prudential-prime-ace,minimum_premium,lookup_skipped,not_attempted,none
prudential-prime-ace,minimum_sum_assured,lookup_skipped,not_attempted,none
prudential-prime-ace,covered_illness_total,lookup_skipped,not_attempted,none
prudential-prime-ace,major_illness_count,lookup_skipped,not_attempted,none
prudential-prime-ace,early_stage_illness_count,lookup_skipped,not_attempted,none
prudential-prime-ace,moderate_illness_count,lookup_skipped,not_attempted,none
prudential-prime-ace,child_illness_count,lookup_skipped,not_attempted,none
prudential-prime-ace,highest_illustrated_irr,lookup_skipped,not_attempted,none
prudential-prime-ace,guaranteed_irr,lookup_skipped,not_attempted,none
prudential-prime-ace,highest_illustrated_return_multiple,lookup_skipped,not_attempted,none
prudential-prime-eternity,official_product_url,lookup_skipped,not_attempted,none
prudential-prime-eternity,official_pdf_url,lookup_skipped,not_attempted,none
prudential-prime-eternity,product_status,lookup_skipped,not_attempted,none
prudential-prime-eternity,minimum_premium,lookup_skipped,not_attempted,none
prudential-prime-eternity,minimum_sum_assured,lookup_skipped,not_attempted,none
prudential-prime-eternity,covered_illness_total,lookup_skipped,not_attempted,none
prudential-prime-eternity,major_illness_count,lookup_skipped,not_attempted,none
prudential-prime-eternity,early_stage_illness_count,lookup_skipped,not_attempted,none
prudential-prime-eternity,moderate_illness_count,lookup_skipped,not_attempted,none
prudential-prime-eternity,child_illness_count,lookup_skipped,not_attempted,none
prudential-prime-eternity,highest_illustrated_irr,lookup_skipped,not_attempted,none
prudential-prime-eternity,guaranteed_irr,lookup_skipped,not_attempted,none
prudential-prime-eternity,highest_illustrated_return_multiple,lookup_skipped,not_attempted,none
taikang-lexiangjiankang-2026,official_product_url,lookup_skipped,not_attempted,none
taikang-lexiangjiankang-2026,official_pdf_url,lookup_skipped,not_attempted,none
taikang-lexiangjiankang-2026,product_status,lookup_skipped,not_attempted,none
taikang-lexiangjiankang-2026,minimum_premium,lookup_skipped,not_attempted,none
taikang-lexiangjiankang-2026,minimum_sum_assured,lookup_skipped,not_attempted,none
taikang-lexiangjiankang-2026,covered_illness_total,lookup_skipped,not_attempted,none
taikang-lexiangjiankang-2026,major_illness_count,lookup_skipped,not_attempted,none
taikang-lexiangjiankang-2026,early_stage_illness_count,lookup_skipped,not_attempted,none
taikang-lexiangjiankang-2026,moderate_illness_count,lookup_skipped,not_attempted,none
taikang-lexiangjiankang-2026,child_illness_count,lookup_skipped,not_attempted,none
taikang-lexiangjiankang-2026,highest_illustrated_irr,lookup_skipped,not_attempted,none
taikang-lexiangjiankang-2026,guaranteed_irr,lookup_skipped,not_attempted,none
taikang-lexiangjiankang-2026,highest_illustrated_return_multiple,lookup_skipped,not_attempted,none
taikang-lexiangjiankang-kids,official_product_url,lookup_skipped,not_attempted,none
taikang-lexiangjiankang-kids,official_pdf_url,lookup_skipped,not_attempted,none
taikang-lexiangjiankang-kids,product_status,lookup_skipped,not_attempted,none
taikang-lexiangjiankang-kids,minimum_premium,lookup_skipped,not_attempted,none
taikang-lexiangjiankang-kids,minimum_sum_assured,lookup_skipped,not_attempted,none
taikang-lexiangjiankang-kids,covered_illness_total,lookup_skipped,not_attempted,none
taikang-lexiangjiankang-kids,major_illness_count,lookup_skipped,not_attempted,none
taikang-lexiangjiankang-kids,early_stage_illness_count,lookup_skipped,not_attempted,none
taikang-lexiangjiankang-kids,moderate_illness_count,lookup_skipped,not_attempted,none
taikang-lexiangjiankang-kids,child_illness_count,lookup_skipped,not_attempted,none
taikang-lexiangjiankang-kids,highest_illustrated_irr,lookup_skipped,not_attempted,none
taikang-lexiangjiankang-kids,guaranteed_irr,lookup_skipped,not_attempted,none
taikang-lexiangjiankang-kids,highest_illustrated_return_multiple,lookup_skipped,not_attempted,none
taikang-xinxingshijia-2026-qingdianban,official_product_url,lookup_skipped,not_attempted,none
taikang-xinxingshijia-2026-qingdianban,official_pdf_url,lookup_skipped,not_attempted,none
taikang-xinxingshijia-2026-qingdianban,product_status,lookup_skipped,not_attempted,none
taikang-xinxingshijia-2026-qingdianban,minimum_premium,lookup_skipped,not_attempted,none
taikang-xinxingshijia-2026-qingdianban,minimum_sum_assured,lookup_skipped,not_attempted,none
taikang-xinxingshijia-2026-qingdianban,covered_illness_total,lookup_skipped,not_attempted,none
taikang-xinxingshijia-2026-qingdianban,major_illness_count,lookup_skipped,not_attempted,none
taikang-xinxingshijia-2026-qingdianban,early_stage_illness_count,lookup_skipped,not_attempted,none
taikang-xinxingshijia-2026-qingdianban,moderate_illness_count,lookup_skipped,not_attempted,none
taikang-xinxingshijia-2026-qingdianban,child_illness_count,lookup_skipped,not_attempted,none
taikang-xinxingshijia-2026-qingdianban,highest_illustrated_irr,lookup_skipped,not_attempted,none
taikang-xinxingshijia-2026-qingdianban,guaranteed_irr,lookup_skipped,not_attempted,none
taikang-xinxingshijia-2026-qingdianban,highest_illustrated_return_multiple,lookup_skipped,not_attempted,none
taikang-xinxingshijia-2026-zunxiangban-b,official_product_url,lookup_skipped,not_attempted,none
taikang-xinxingshijia-2026-zunxiangban-b,official_pdf_url,lookup_skipped,not_attempted,none
taikang-xinxingshijia-2026-zunxiangban-b,product_status,lookup_skipped,not_attempted,none
taikang-xinxingshijia-2026-zunxiangban-b,minimum_premium,lookup_skipped,not_attempted,none
taikang-xinxingshijia-2026-zunxiangban-b,minimum_sum_assured,lookup_skipped,not_attempted,none
taikang-xinxingshijia-2026-zunxiangban-b,covered_illness_total,lookup_skipped,not_attempted,none
taikang-xinxingshijia-2026-zunxiangban-b,major_illness_count,lookup_skipped,not_attempted,none
taikang-xinxingshijia-2026-zunxiangban-b,early_stage_illness_count,lookup_skipped,not_attempted,none
taikang-xinxingshijia-2026-zunxiangban-b,moderate_illness_count,lookup_skipped,not_attempted,none
taikang-xinxingshijia-2026-zunxiangban-b,child_illness_count,lookup_skipped,not_attempted,none
taikang-xinxingshijia-2026-zunxiangban-b,highest_illustrated_irr,lookup_skipped,not_attempted,none
taikang-xinxingshijia-2026-zunxiangban-b,guaranteed_irr,lookup_skipped,not_attempted,none
taikang-xinxingshijia-2026-zunxiangban-b,highest_illustrated_return_multiple,lookup_skipped,not_attempted,none
taikang-zengduoduo,official_product_url,lookup_skipped,not_attempted,none
taikang-zengduoduo,official_pdf_url,lookup_skipped,not_attempted,none
taikang-zengduoduo,product_status,lookup_skipped,not_attempted,none
taikang-zengduoduo,minimum_premium,lookup_skipped,not_attempted,none
taikang-zengduoduo,minimum_sum_assured,lookup_skipped,not_attempted,none
taikang-zengduoduo,covered_illness_total,lookup_skipped,not_attempted,none
taikang-zengduoduo,major_illness_count,lookup_skipped,not_attempted,none
taikang-zengduoduo,early_stage_illness_count,lookup_skipped,not_attempted,none
taikang-zengduoduo,moderate_illness_count,lookup_skipped,not_attempted,none
taikang-zengduoduo,child_illness_count,lookup_skipped,not_attempted,none
taikang-zengduoduo,highest_illustrated_irr,lookup_skipped,not_attempted,none
taikang-zengduoduo,guaranteed_irr,lookup_skipped,not_attempted,none
taikang-zengduoduo,highest_illustrated_return_multiple,lookup_skipped,not_attempted,none
taikang-zunxiang-shijia-flagship,official_product_url,lookup_skipped,not_attempted,none
taikang-zunxiang-shijia-flagship,official_pdf_url,lookup_skipped,not_attempted,none
taikang-zunxiang-shijia-flagship,product_status,lookup_skipped,not_attempted,none
taikang-zunxiang-shijia-flagship,minimum_premium,lookup_skipped,not_attempted,none
taikang-zunxiang-shijia-flagship,minimum_sum_assured,lookup_skipped,not_attempted,none
taikang-zunxiang-shijia-flagship,covered_illness_total,lookup_skipped,not_attempted,none
taikang-zunxiang-shijia-flagship,major_illness_count,lookup_skipped,not_attempted,none
taikang-zunxiang-shijia-flagship,early_stage_illness_count,lookup_skipped,not_attempted,none
taikang-zunxiang-shijia-flagship,moderate_illness_count,lookup_skipped,not_attempted,none
taikang-zunxiang-shijia-flagship,child_illness_count,lookup_skipped,not_attempted,none
taikang-zunxiang-shijia-flagship,highest_illustrated_irr,lookup_skipped,not_attempted,none
taikang-zunxiang-shijia-flagship,guaranteed_irr,lookup_skipped,not_attempted,none
taikang-zunxiang-shijia-flagship,highest_illustrated_return_multiple,lookup_skipped,not_attempted,none
taikang-zunxiang-shijia-zeng-e,official_product_url,lookup_skipped,not_attempted,none
taikang-zunxiang-shijia-zeng-e,official_pdf_url,lookup_skipped,not_attempted,none
taikang-zunxiang-shijia-zeng-e,product_status,lookup_skipped,not_attempted,none
taikang-zunxiang-shijia-zeng-e,minimum_premium,lookup_skipped,not_attempted,none
taikang-zunxiang-shijia-zeng-e,minimum_sum_assured,lookup_skipped,not_attempted,none
taikang-zunxiang-shijia-zeng-e,covered_illness_total,lookup_skipped,not_attempted,none
taikang-zunxiang-shijia-zeng-e,major_illness_count,lookup_skipped,not_attempted,none
taikang-zunxiang-shijia-zeng-e,early_stage_illness_count,lookup_skipped,not_attempted,none
taikang-zunxiang-shijia-zeng-e,moderate_illness_count,lookup_skipped,not_attempted,none
taikang-zunxiang-shijia-zeng-e,child_illness_count,lookup_skipped,not_attempted,none
taikang-zunxiang-shijia-zeng-e,highest_illustrated_irr,lookup_skipped,not_attempted,none
taikang-zunxiang-shijia-zeng-e,guaranteed_irr,lookup_skipped,not_attempted,none
taikang-zunxiang-shijia-zeng-e,highest_illustrated_return_multiple,lookup_skipped,not_attempted,none
