product_id,company_slug,is_selected,candidates_before,candidates_after,fields_repaired,remaining_paths,repaired_paths
aia-essence-on-your-side,aia-hk,False,4,2,11,product_features[0].evidence_quote | source_trace.field_evidence.compare_profile.has_policy_loan.quote,base.entry_age | compare_profile.entry_age_summary | product_features[0].evidence_quote | product_features[1].evidence_quote | product_features[2].evidence_quote | product_features[3].evidence_quote | product_features[4].evidence_quote | source_trace.field_evidence.compare_profile.has_cancer_multiple_claims.quote | source_trace.field_evidence.compare_profile.has_guaranteed_cash_value.quote | source_trace.field_evidence.compare_profile.has_non_guaranteed_bonus.quote | source_trace.field_evidence.compare_profile.has_policy_loan.quote
aia-globalflexi-savings,aia-hk,False,10,0,18,,base.entry_age | compare_profile.entry_age_summary | product_features[0].evidence_quote | product_features[1].evidence_quote | product_features[2].evidence_quote | product_features[3].evidence_quote | product_features[5].evidence_quote | product_features[6].evidence_quote | product_features[8].evidence_quote | product_features[9].evidence_quote | product_features[10].evidence_quote | product_features[11].evidence_quote | product_features[12].evidence_quote | product_features[14].evidence_quote | source_trace.field_evidence.compare_profile.has_guaranteed_cash_value.quote | source_trace.field_evidence.compare_profile.has_non_guaranteed_bonus.quote | source_trace.field_evidence.compare_profile.supports_policy_split.quote | source_trace.field_evidence.compare_profile.supports_change_insured.quote
aia-on-your-side-2,aia-hk,False,6,4,13,product_features[1].evidence_quote | product_features[3].evidence_quote | product_features[9].evidence_quote | source_trace.field_evidence.compare_profile.has_icu_benefit.quote,base.entry_age | compare_profile.entry_age_summary | product_features[0].evidence_quote | product_features[2].evidence_quote | product_features[3].evidence_quote | product_features[5].evidence_quote | product_features[6].evidence_quote | source_trace.field_evidence.compare_profile.has_multiple_claims.quote | source_trace.field_evidence.compare_profile.has_cancer_multiple_claims.quote | source_trace.field_evidence.compare_profile.has_icu_benefit.quote | source_trace.field_evidence.compare_profile.has_guaranteed_cash_value.quote | source_trace.field_evidence.compare_profile.has_non_guaranteed_bonus.quote | source_trace.field_evidence.compare_profile.has_policy_loan.quote
axa-loving-care-ci-enhanced,axa-hk,False,4,4,7,product_features[2].evidence_quote | source_trace.field_evidence.compare_profile.has_icu_benefit.quote | source_trace.field_evidence.compare_profile.has_guaranteed_cash_value.quote | source_trace.field_evidence.compare_profile.has_non_guaranteed_bonus.quote,base.entry_age | compare_profile.entry_age_summary | product_features[0].evidence_quote | product_features[1].evidence_quote | product_features[4].evidence_quote | product_features[6].evidence_quote | source_trace.field_evidence.compare_profile.has_cancer_multiple_claims.quote
axa-wealth-advance-savings-ii-ultimate,axa-hk,False,2,0,10,,base.entry_age | compare_profile.entry_age_summary | product_features[0].evidence_quote | product_features[2].evidence_quote | product_features[3].evidence_quote | product_features[4].evidence_quote | product_features[6].evidence_quote | source_trace.field_evidence.compare_profile.has_non_guaranteed_bonus.quote | source_trace.field_evidence.compare_profile.has_policy_loan.quote | source_trace.field_evidence.compare_profile.supports_policy_split.quote
cpic-evergreen-whole-life,cpic-life,False,2,2,2,product_features[0].evidence_quote | source_trace.field_evidence.compare_profile.has_policy_loan.quote,base.entry_age | compare_profile.entry_age_summary
cpic-jinshengwuyou-2024-kids,cpic-life,False,2,0,3,,base.entry_age | compare_profile.entry_age_summary | compare_profile.premium_terms
cpic-jinshengwuyou-kids,cpic-life,False,2,0,3,,base.entry_age | compare_profile.entry_age_summary | compare_profile.premium_terms
cpic-wenyingjinsheng-ci,cpic-life,False,2,0,3,,base.entry_age | compare_profile.entry_age_summary | compare_profile.premium_terms
cpic-xiangbanzhizun-2024s,cpic-life,False,2,0,5,,base.entry_age | compare_profile.entry_age_summary | compare_profile.premium_terms | product_features[0].evidence_quote | source_trace.field_evidence.compare_profile.has_non_guaranteed_bonus.quote
fwd-crisis-one-master,fwd-hk,False,2,2,8,product_features[0].evidence_quote | source_trace.field_evidence.compare_profile.has_policy_loan.quote,base.entry_age | compare_profile.entry_age_summary | product_features[0].evidence_quote | product_features[2].evidence_quote | product_features[7].evidence_quote | source_trace.field_evidence.compare_profile.has_multiple_claims.quote | source_trace.field_evidence.compare_profile.has_cancer_multiple_claims.quote | source_trace.field_evidence.compare_profile.has_guaranteed_cash_value.quote
fwd-crisis-u-supporter,fwd-hk,False,2,2,7,product_features[0].evidence_quote | source_trace.field_evidence.compare_profile.has_policy_loan.quote,base.entry_age | compare_profile.entry_age_summary | compare_profile.premium_terms | product_features[0].evidence_quote | product_features[3].evidence_quote | product_features[5].evidence_quote | source_trace.field_evidence.compare_profile.has_icu_benefit.quote
fwd-easycover-ci,fwd-hk,False,4,5,5,product_features[0].evidence_quote | product_features[3].evidence_quote | source_trace.field_evidence.compare_profile.has_icu_benefit.quote | source_trace.field_evidence.compare_profile.has_non_guaranteed_bonus.quote | source_trace.field_evidence.compare_profile.has_policy_loan.quote,base.entry_age | compare_profile.entry_age_summary | compare_profile.premium_terms | product_features[0].evidence_quote | source_trace.field_evidence.compare_profile.has_policy_loan.quote
fwd-maxfocus-legacy-ii,fwd-hk,False,1,0,9,,base.entry_age | compare_profile.entry_age_summary | compare_profile.premium_terms | product_features[0].evidence_quote | product_features[2].evidence_quote | product_features[3].evidence_quote | product_features[5].evidence_quote | source_trace.field_evidence.compare_profile.has_guaranteed_cash_value.quote | source_trace.field_evidence.compare_profile.supports_policy_split.quote
fwd-noble-fortune,fwd-hk,False,0,0,5,,base.entry_age | compare_profile.entry_age_summary | product_features[0].evidence_quote | product_features[1].evidence_quote | source_trace.field_evidence.compare_profile.has_icu_benefit.quote
fwd-wealthicon-horizon,fwd-hk,False,2,4,7,product_features[0].evidence_quote | product_features[2].evidence_quote | source_trace.field_evidence.compare_profile.has_non_guaranteed_bonus.quote | source_trace.field_evidence.compare_profile.has_policy_loan.quote,base.entry_age | compare_profile.entry_age_summary | product_features[0].evidence_quote | product_features[2].evidence_quote | product_features[3].evidence_quote | source_trace.field_evidence.compare_profile.has_guaranteed_cash_value.quote | source_trace.field_evidence.compare_profile.supports_policy_split.quote
fwd-wealthicon-supreme-iii,fwd-hk,False,1,0,8,,base.entry_age | compare_profile.entry_age_summary | product_features[0].evidence_quote | product_features[1].evidence_quote | product_features[2].evidence_quote | source_trace.field_evidence.compare_profile.has_guaranteed_cash_value.quote | source_trace.field_evidence.compare_profile.has_policy_loan.quote | source_trace.field_evidence.compare_profile.supports_policy_split.quote
manulife-bright-care-pro,manulife-hk,False,2,0,12,,base.entry_age | compare_profile.entry_age_summary | product_features[0].evidence_quote | product_features[1].evidence_quote | product_features[2].evidence_quote | product_features[3].evidence_quote | product_features[4].evidence_quote | product_features[7].evidence_quote | source_trace.field_evidence.compare_profile.has_cancer_multiple_claims.quote | source_trace.field_evidence.compare_profile.has_icu_benefit.quote | source_trace.field_evidence.compare_profile.has_non_guaranteed_bonus.quote | source_trace.field_evidence.compare_profile.has_policy_loan.quote
manulife-genesis-centurion,manulife-hk,False,2,1,14,source_trace.field_evidence.compare_profile.has_non_guaranteed_bonus.quote,base.entry_age | compare_profile.entry_age_summary | product_features[0].evidence_quote | product_features[1].evidence_quote | product_features[2].evidence_quote | product_features[3].evidence_quote | product_features[4].evidence_quote | product_features[5].evidence_quote | product_features[6].evidence_quote | product_features[7].evidence_quote | product_features[8].evidence_quote | source_trace.field_evidence.compare_profile.has_non_guaranteed_bonus.quote | source_trace.field_evidence.compare_profile.supports_policy_split.quote | source_trace.field_evidence.compare_profile.supports_change_insured.quote
manulife-incomeguard-ci,manulife-hk,False,0,0,11,,base.entry_age | compare_profile.entry_age_summary | product_features[0].evidence_quote | product_features[1].evidence_quote | product_features[2].evidence_quote | product_features[3].evidence_quote | product_features[7].evidence_quote | product_features[8].evidence_quote | source_trace.field_evidence.compare_profile.has_cancer_multiple_claims.quote | source_trace.field_evidence.compare_profile.has_guaranteed_cash_value.quote | source_trace.field_evidence.compare_profile.has_policy_loan.quote
manulife-incomeshield-ci,manulife-hk,False,1,0,10,,base.entry_age | compare_profile.entry_age_summary | product_features[0].evidence_quote | product_features[1].evidence_quote | product_features[2].evidence_quote | product_features[4].evidence_quote | product_features[5].evidence_quote | source_trace.field_evidence.compare_profile.has_cancer_multiple_claims.quote | source_trace.field_evidence.compare_profile.has_guaranteed_cash_value.quote | source_trace.field_evidence.compare_profile.has_policy_loan.quote
manulife-manucentury,manulife-hk,False,2,1,14,source_trace.field_evidence.compare_profile.has_non_guaranteed_bonus.quote,base.entry_age | compare_profile.entry_age_summary | product_features[0].evidence_quote | product_features[1].evidence_quote | product_features[2].evidence_quote | product_features[3].evidence_quote | product_features[4].evidence_quote | product_features[5].evidence_quote | product_features[6].evidence_quote | product_features[7].evidence_quote | product_features[8].evidence_quote | source_trace.field_evidence.compare_profile.has_non_guaranteed_bonus.quote | source_trace.field_evidence.compare_profile.supports_policy_split.quote | source_trace.field_evidence.compare_profile.supports_change_insured.quote
manulife-prestige-achiever,manulife-hk,False,4,1,14,source_trace.field_evidence.compare_profile.has_non_guaranteed_bonus.quote,base.entry_age | compare_profile.entry_age_summary | product_features[0].evidence_quote | product_features[1].evidence_quote | product_features[2].evidence_quote | product_features[3].evidence_quote | product_features[4].evidence_quote | product_features[5].evidence_quote | product_features[6].evidence_quote | product_features[7].evidence_quote | product_features[8].evidence_quote | source_trace.field_evidence.compare_profile.has_non_guaranteed_bonus.quote | source_trace.field_evidence.compare_profile.supports_policy_split.quote | source_trace.field_evidence.compare_profile.supports_change_insured.quote
new-china-life-rongyao-shijia,new-china-life,False,2,0,5,,base.entry_age | compare_profile.entry_age_summary | compare_profile.premium_terms | product_features[0].evidence_quote | source_trace.field_evidence.compare_profile.has_policy_loan.quote
new-china-life-rongyao-xinxiang,new-china-life,False,2,0,5,,base.entry_age | compare_profile.entry_age_summary | compare_profile.premium_terms | product_features[0].evidence_quote | source_trace.field_evidence.compare_profile.has_policy_loan.quote
ping-an-shengshi-jinyue-premium,ping-an,False,0,0,2,,base.entry_age | compare_profile.entry_age_summary
pingan-fuli-20-ci,ping-an,False,3,0,6,,base.entry_age | compare_profile.entry_age_summary | product_features[0].evidence_quote | product_features[1].evidence_quote | source_trace.field_evidence.compare_profile.has_cancer_multiple_claims.quote | source_trace.field_evidence.compare_profile.has_policy_loan.quote
pingan-ruyi-quanneng-2025-ci,ping-an,False,0,0,2,,base.entry_age | compare_profile.entry_age_summary
pingan-ruyi-quanneng-ci,ping-an,False,0,0,2,,base.entry_age | compare_profile.entry_age_summary
pingan-shengshi-jinyue-zunxiang-26II,ping-an,False,1,0,3,,base.entry_age | compare_profile.entry_age_summary | source_trace.field_evidence.compare_profile.has_non_guaranteed_bonus.quote
pingan-yuxiang-jinyue-2025,ping-an,False,0,0,2,,base.entry_age | compare_profile.entry_age_summary
pru-ci-extended-care-iii,prudential-hk,False,1,0,14,,base.entry_age | compare_profile.entry_age_summary | compare_profile.premium_terms | product_features[0].evidence_quote | product_features[1].evidence_quote | product_features[2].evidence_quote | product_features[3].evidence_quote | product_features[5].evidence_quote | product_features[6].evidence_quote | source_trace.field_evidence.compare_profile.has_cancer_multiple_claims.quote | source_trace.field_evidence.compare_profile.has_icu_benefit.quote | source_trace.field_evidence.compare_profile.has_guaranteed_cash_value.quote | source_trace.field_evidence.compare_profile.has_non_guaranteed_bonus.quote | source_trace.field_evidence.compare_profile.has_policy_loan.quote
pru-entrust-multi-currency,prudential-hk,False,3,2,12,product_features[5].evidence_quote | source_trace.field_evidence.compare_profile.supports_change_insured.quote,base.entry_age | compare_profile.entry_age_summary | product_features[0].evidence_quote | product_features[3].evidence_quote | product_features[5].evidence_quote | product_features[6].evidence_quote | product_features[7].evidence_quote | product_features[9].evidence_quote | product_features[11].evidence_quote | source_trace.field_evidence.compare_profile.has_guaranteed_cash_value.quote | source_trace.field_evidence.compare_profile.has_non_guaranteed_bonus.quote | source_trace.field_evidence.compare_profile.supports_change_insured.quote
pru-guardian-ci-series,prudential-hk,False,2,4,13,product_features[0].evidence_quote | product_features[8].evidence_quote | product_features[9].evidence_quote | source_trace.field_evidence.compare_profile.has_policy_loan.quote,base.entry_age | compare_profile.entry_age_summary | product_features[0].evidence_quote | product_features[1].evidence_quote | product_features[3].evidence_quote | product_features[4].evidence_quote | product_features[5].evidence_quote | product_features[7].evidence_quote | product_features[8].evidence_quote | source_trace.field_evidence.compare_profile.has_cancer_multiple_claims.quote | source_trace.field_evidence.compare_profile.has_icu_benefit.quote | source_trace.field_evidence.compare_profile.has_guaranteed_cash_value.quote | source_trace.field_evidence.compare_profile.has_policy_loan.quote
prudential-enlit-savings,prudential-hk,False,0,0,8,,base.entry_age | compare_profile.entry_age_summary | product_features[0].evidence_quote | product_features[2].evidence_quote | source_trace.field_evidence.compare_profile.has_icu_benefit.quote | source_trace.field_evidence.compare_profile.has_guaranteed_cash_value.quote | source_trace.field_evidence.compare_profile.has_non_guaranteed_bonus.quote | source_trace.field_evidence.compare_profile.has_policy_loan.quote
prudential-evergreen-growth,prudential-hk,False,0,0,6,,base.entry_age | compare_profile.entry_age_summary | product_features[0].evidence_quote | source_trace.field_evidence.compare_profile.has_guaranteed_cash_value.quote | source_trace.field_evidence.compare_profile.has_non_guaranteed_bonus.quote | source_trace.field_evidence.compare_profile.has_policy_loan.quote
prudential-prime-ace,prudential-hk,False,0,0,6,,base.entry_age | compare_profile.entry_age_summary | product_features[0].evidence_quote | product_features[1].evidence_quote | source_trace.field_evidence.compare_profile.has_non_guaranteed_bonus.quote | source_trace.field_evidence.compare_profile.has_policy_loan.quote
prudential-prime-eternity,prudential-hk,False,0,0,6,,base.entry_age | compare_profile.entry_age_summary | product_features[1].evidence_quote | product_features[2].evidence_quote | product_features[5].evidence_quote | source_trace.field_evidence.compare_profile.has_non_guaranteed_bonus.quote
taikang-lexiangjiankang-2026,taikang-life,False,0,0,3,,base.entry_age | compare_profile.entry_age_summary | compare_profile.premium_terms
taikang-lexiangjiankang-kids,taikang-life,False,0,0,2,,base.entry_age | compare_profile.entry_age_summary
taikang-xinxingshijia-2026-qingdianban,taikang-life,False,0,0,3,,base.entry_age | compare_profile.entry_age_summary | compare_profile.premium_terms
taikang-xinxingshijia-2026-zunxiangban-b,taikang-life,False,0,0,3,,base.entry_age | compare_profile.entry_age_summary | compare_profile.premium_terms
taikang-zengduoduo,taikang-life,False,0,0,2,,base.entry_age | compare_profile.entry_age_summary
taikang-zunxiang-shijia-flagship,taikang-life,False,0,0,3,,base.entry_age | compare_profile.entry_age_summary | compare_profile.premium_terms
taikang-zunxiang-shijia-zeng-e,taikang-life,False,0,0,2,,base.entry_age | compare_profile.entry_age_summary
